6.912778608393898,51.50498832824615,6.91624625256839,51.50714670010036;POINT (6.912778608393898 51.50657113427255);POLYGON ((6.912677434713232 51.50657113427255, 6.912667092514765 51.50657113427255, 6.912667092514765 51.50660193510588, 6.912667542175567 51.50660193510591, 6.912667542175567 51.50660238805934, 6.912667542175567 51.50660284101278, 6.91266799183637 51.50660284101281, 6.91266799183637 51.50660329396624, 6.912668891157976 51.5066032939663, 6.912668891157976 51.50660374691973, 6.9126724884444 51.50660374691998, 6.9126724884444 51.50660329396654, 6.912673387766006 51.50660329396661, 6.912673387766006 51.50660284101317, 6.912673837426809 51.5066028410132, 6.912673837426809 51.50660238805976, 6.912674287087611 51.50660238805979, 6.912674287087611 51.50660193510635, 6.912674736748414 51.50660193510638, 6.912674736748414 51.5066010291995, 6.912675186409218 51.50660102919953, 6.912675186409218 51.50660057624609, 6.912675636070021 51.50660057624612, 6.912675636070021 51.50660012329268, 6.912676085730824 51.50660012329271, 6.912676085730824 51.50659967033927, 6.912676535391626 51.5065996703393, 6.912676535391626 51.50659921738585, 6.912676985052429 51.50659921738588, 6.912676985052429 51.50659876443244, 6.912677434713232 51.50659876443247, 6.912677434713232 51.50659785852559, 6.912676985052429 51.50659785852556, 6.912676985052429 51.50659740557212, 6.912676535391626 51.50659740557209, 6.912676535391626 51.50659695261865, 6.912676535391626 51.50659649966521, 6.912676085730824 51.50659649966519, 6.912676085730824 51.50659604671175, 6.912675636070021 51.50659604671173, 6.912675636070021 51.50659559375828, 6.912675186409218 51.50659559375826, 6.912675186409218 51.50659514080483, 6.912674736748414 51.5065951408048, 6.912674736748414 51.50659468785136, 6.912674736748414 51.50658517582915, 6.912674287087611 51.50658517582914, 6.912674287087611 51.50658109924819, 6.912674736748414 51.5065810992482, 6.912674736748414 51.50657928743445, 6.912675186409218 51.50657928743446, 6.912675186409218 51.50657883448102, 6.912675636070021 51.50657883448103, 6.912675636070021 51.50657838152759, 6.912676085730824 51.5065783815276, 6.912676085730824 51.50657792857415, 6.912676535391626 51.50657792857416, 6.912676535391626 51.50657747562072, 6.912676985052429 51.50657747562072, 6.912676985052429 51.50657656971384, 6.912677434713232 51.50657656971385, 6.912677434713232 51.50657113427255))
6.912778608393898,51.50498832824615,6.91624625256839,51.50714670010036;POINT (6.912778608393898 51.50657113427255);POLYGON ((6.912674287087611 51.50669116693367, 6.912673837426809 51.50669116693356, 6.912673837426809 51.50669071398012, 6.912673837426809 51.50668844921293, 6.912673387766006 51.50668844921282, 6.912673387766006 51.50668799625938, 6.912672938105203 51.50668799625927, 6.912672938105203 51.50668754330584, 6.912670240140385 51.50668754330517, 6.912670240140385 51.50668709035173, 6.912668891157976 51.50668709035141, 6.912668891157976 51.50668754330484, 6.91266799183637 51.50668754330461, 6.91266799183637 51.50668799625805, 6.912667542175567 51.50668799625794, 6.912667542175567 51.5066889021648, 6.912667092514765 51.50668890216469, 6.912667092514765 51.50668980807155, 6.912666642853961 51.50668980807144, 6.912666642853961 51.50669026102487, 6.912666193193158 51.50669026102476, 6.912666193193158 51.50669071397819, 6.912665293871552 51.50669071397796, 6.912665293871552 51.50669116693139, 6.91266484421075 51.50669116693128, 6.91266484421075 51.50669161988471, 6.912664394549947 51.50669161988459, 6.912664394549947 51.50669207283801, 6.912663944889144 51.5066920728379, 6.912663944889144 51.50670203781333, 6.912664394549947 51.50670203781345, 6.912664394549947 51.50670475553402, 6.912663944889144 51.5067047555339, 6.912663944889144 51.50671562641617, 6.912663944889144 51.5067160793696, 6.912673837426809 51.50671607937264, 6.912673837426809 51.50671109688482, 6.912674287087611 51.50671109688495, 6.912674287087611 51.50669116693367))
6.912778608393898,51.50498832824615,6.91624625256839,51.50714670010036;POINT (6.912778608393898 51.50657113427255);POLYGON ((6.912652253708266 51.50658653468874, 6.912651804047464 51.50658653468872, 6.912651804047464 51.50658608173531, 6.912651804047464 51.50658562878188, 6.912651354386661 51.50658562878187, 6.912651354386661 51.50658517582846, 6.912650904725858 51.50658517582844, 6.912650904725858 51.50658472287503, 6.912650455065055 51.50658472287501, 6.912650455065055 51.5065842699216, 6.912650455065055 51.50658381696818, 6.912650005404251 51.50658381696817, 6.912650005404251 51.50658336401476, 6.912650455065055 51.50658336401477, 6.912650455065055 51.50658245810794, 6.912650904725858 51.50658245810795, 6.912650904725858 51.5065810992477, 6.912651354386661 51.50658109924771, 6.912651354386661 51.50657974038747, 6.912651804047464 51.50657974038747, 6.912651804047464 51.50657475789989, 6.912651354386661 51.50657475789988, 6.912651354386661 51.50657430494647, 6.912651354386661 51.50657113427255, 6.912641911509799 51.50657113427255, 6.912641911509799 51.5066309241223, 6.912642361170602 51.50663092412235, 6.912642361170602 51.50663137707576, 6.912642810831405 51.50663137707582, 6.912642810831405 51.50663183002923, 6.912643260492207 51.50663183002928, 6.912643260492207 51.50663228298269, 6.91264371015301 51.50663228298275, 6.91264371015301 51.50663273593617, 6.912647307439434 51.50663273593663, 6.912647307439434 51.50663228298322, 6.91264820676104 51.50663228298333, 6.91264820676104 51.50663183002992, 6.912648656421843 51.50663183002998, 6.912648656421843 51.50663092412315, 6.912649106082646 51.50663092412321, 6.912649106082646 51.50661190007982, 6.912649555743449 51.50661190007986, 6.912649555743449 51.50661099417303, 6.912650005404251 51.50661099417307, 6.912650005404251 51.50661054121965, 6.912650455065055 51.50661054121969, 6.912650455065055 51.50661008826627, 6.912650904725858 51.50661008826631, 6.912650904725858 51.5066096353129, 6.912651354386661 51.50660963531293, 6.912651354386661 51.50660419987194, 6.912651804047464 51.50660419987197, 6.912651804047464 51.50659649966389, 6.912652253708266 51.50659649966391, 6.912652253708266 51.50658653468874))
6.912778608393898,51.50498832824615,6.91624625256839,51.50714670010036;POINT (6.912778608393898 51.50657113427255);POLYGON ((6.912649106082646 51.50665991314171, 6.912648656421843 51.50665991314163, 6.912648656421843 51.50665946018821, 6.912648656421843 51.50665900723479, 6.91264820676104 51.50665900723471, 6.91264820676104 51.5066585542813, 6.912647307439434 51.50665855428113, 6.912647307439434 51.50665810132772, 6.912646857778631 51.50665810132764, 6.912646857778631 51.50665855428105, 6.91264371015301 51.50665855428047, 6.91264371015301 51.50665900723388, 6.912643260492207 51.50665900723379, 6.912643260492207 51.5066594601872, 6.912642810831405 51.50665946018712, 6.912642810831405 51.50665991314052, 6.912642361170602 51.50665991314044, 6.912642361170602 51.5066630838143, 6.912641911509799 51.5066630838142, 6.912641911509799 51.50671562640944, 6.912641911509799 51.50671607936285, 6.912649106082646 51.50671607936505, 6.912649106082646 51.50665991314171))
6.912778608393898,51.50498832824615,6.91624625256839,51.50714670010036;POINT (6.913009787227364 51.50657113427255);POLYGON ((6.912905465921077 51.50657113427255, 6.91289512372261 51.50657113427255, 6.91289512372261 51.50659468786235, 6.912894674061806 51.50659468786233, 6.912894674061806 51.50659876444517, 6.91289512372261 51.50659876444519, 6.91289512372261 51.50660057625979, 6.91289512372261 51.50660102921344, 6.912895573383413 51.50660102921347, 6.912895573383413 51.50660193512078, 6.912895573383413 51.50660238807443, 6.912896023044215 51.50660238807446, 6.912896023044215 51.5066028410281, 6.912897372026624 51.5066028410282, 6.912897372026624 51.50660329398185, 6.912899620330639 51.506603293982, 6.912899620330639 51.50660374693565, 6.912900969313048 51.50660374693575, 6.912900969313048 51.50660329398209, 6.912904116938669 51.50660329398231, 6.912904116938669 51.50660284102864, 6.912904566599472 51.50660284102868, 6.912904566599472 51.50660238807502, 6.912905016260274 51.50660238807504, 6.912905016260274 51.50659921739943, 6.912905465921077 51.50659921739946, 6.912905465921077 51.50657113427255))
6.912778608393898,51.50498832824615,6.91624625256839,51.50714670010036;POINT (6.913009787227364 51.50657113427255);POLYGON ((6.912905465921077 51.50661869440683, 6.912905016260274 51.50661869440678, 6.912905016260274 51.50661824145313, 6.912905016260274 51.50661597668483, 6.912904566599472 51.50661597668478, 6.912904566599472 51.50661552373113, 6.912904116938669 51.50661552373109, 6.912904116938669 51.50661507077743, 6.912901418973851 51.50661507077717, 6.912901418973851 51.50661461782352, 6.912900069991442 51.5066146178234, 6.912900069991442 51.50661507077705, 6.912898721009033 51.50661507077692, 6.912898721009033 51.50661552373058, 6.912897821687427 51.5066155237305, 6.912897821687427 51.50661597668415, 6.912897372026624 51.5066159766841, 6.912897372026624 51.50661642963775, 6.912896922365821 51.50661642963771, 6.912896922365821 51.50661688259137, 6.912896472705018 51.50661688259132, 6.912896472705018 51.50661733554497, 6.912896023044215 51.50661733554492, 6.912896023044215 51.50661778849858, 6.912895573383413 51.50661778849853, 6.912895573383413 51.50661869440584, 6.91289512372261 51.50661869440579, 6.91289512372261 51.50662005326674, 6.912894674061806 51.50662005326669, 6.912894674061806 51.50662050622034, 6.91289512372261 51.50662050622039, 6.91289512372261 51.50663545369083, 6.91289512372261 51.50663590664448, 6.912895573383413 51.50663590664455, 6.912895573383413 51.5066363595982, 6.912895573383413 51.50663681255185, 6.912896023044215 51.50663681255191, 6.912896023044215 51.50663726550556, 6.912896023044215 51.50663771845921, 6.912896472705018 51.50663771845927, 6.912896472705018 51.50663907732022, 6.912896023044215 51.50663907732016, 6.912896023044215 51.50664043618112, 6.912895573383413 51.50664043618104, 6.912895573383413 51.50664224799565, 6.91289512372261 51.50664224799558, 6.91289512372261 51.50665130706858, 6.912895573383413 51.50665130706865, 6.912895573383413 51.50665311888326, 6.912895573383413 51.50665357183691, 6.912896023044215 51.50665357183698, 6.912896023044215 51.50665493069793, 6.912896023044215 51.50665538365158, 6.912896472705018 51.50665538365167, 6.912896472705018 51.50665764841992, 6.912896023044215 51.50665764841984, 6.912896023044215 51.50666036614174, 6.912895573383413 51.50666036614166, 6.912895573383413 51.50666806635371, 6.912896023044215 51.5066680663538, 6.912896023044215 51.50666851930745, 6.912896023044215 51.50666897226111, 6.912896472705018 51.5066689722612, 6.912896472705018 51.50666942521485, 6.912896472705018 51.5066698781685, 6.912896922365821 51.50666987816859, 6.912896922365821 51.50667033112225, 6.912897372026624 51.50667033112234, 6.912897372026624 51.5066716899833, 6.912896922365821 51.5066716899832, 6.912896922365821 51.50667304884416, 6.912896472705018 51.50667304884406, 6.912896472705018 51.50667486065866, 6.912896922365821 51.50667486065876, 6.912896922365821 51.50667531361241, 6.912896922365821 51.50667576656607, 6.912897372026624 51.50667576656617, 6.912897372026624 51.50667667247347, 6.912897372026624 51.50667712542712, 6.912897821687427 51.50667712542722, 6.912897821687427 51.5066821079174, 6.912897821687427 51.50668256087106, 6.91289827134823 51.50668256087116, 6.91289827134823 51.50668754336134, 6.912897821687427 51.50668754336123, 6.912897821687427 51.50669569652698, 6.91289827134823 51.50669569652709, 6.91289827134823 51.5067043026465, 6.912897821687427 51.50670430264637, 6.912897821687427 51.5067097380902, 6.91289827134823 51.50670973809033, 6.91289827134823 51.50671109695129, 6.912897821687427 51.50671109695116, 6.912897821687427 51.50671562648768, 6.912897821687427 51.50671607944133, 6.912905465921077 51.50671607944368, 6.912905465921077 51.50661869440683))
6.912778608393898,51.50498832824615,6.91624625256839,51.50714670010036;POINT (6.913009787227364 51.50657113427255);POLYGON ((6.912880284916112 51.50657113427255, 6.912873090343265 51.50657113427255, 6.912873090343265 51.50660238807293, 6.912873540004068 51.50660238807297, 6.912873540004068 51.5066028410266, 6.91287398966487 51.50660284102663, 6.91287398966487 51.50660329398026, 6.912874888986476 51.50660329398032, 6.912874888986476 51.50660374693395, 6.912878935933703 51.50660374693422, 6.912878935933703 51.50660329398059, 6.912879385594506 51.50660329398062, 6.912879385594506 51.50660284102699, 6.912879835255309 51.50660284102702, 6.912879835255309 51.50660193511975, 6.912880284916112 51.50660193511978, 6.912880284916112 51.50657113427255))
6.912778608393898,51.50498832824615,6.91624625256839,51.50714670010036;POINT (6.913009787227364 51.50657113427255);POLYGON ((6.912880284916112 51.50661914735793, 6.912879835255309 51.50661914735789, 6.912879835255309 51.50661869440425, 6.912879835255309 51.50661597668244, 6.912879385594506 51.5066159766824, 6.912879385594506 51.50661552372876, 6.912878935933703 51.50661552372872, 6.912878935933703 51.50661507077508, 6.912875338647279 51.50661507077475, 6.912875338647279 51.50661461782112, 6.912874888986476 51.50661461782108, 6.912874888986476 51.50661507077471, 6.91287398966487 51.50661507077462, 6.91287398966487 51.50661552372826, 6.912873540004068 51.50661552372821, 6.912873540004068 51.50661642963547, 6.912873090343265 51.50661642963543, 6.912873090343265 51.50667395474628, 6.912872640682461 51.50667395474618, 6.912872640682461 51.50667984314335, 6.912873090343265 51.50667984314345, 6.912873090343265 51.50669297879868, 6.912872640682461 51.50669297879857, 6.912872640682461 51.50669433765945, 6.912872191021658 51.50669433765933, 6.912872191021658 51.50669524356659, 6.912871741360855 51.50669524356647, 6.912871741360855 51.50669614947373, 6.912871291700053 51.5066961494736, 6.912871291700053 51.50669660242723, 6.912871741360855 51.50669660242735, 6.912871741360855 51.50669796128824, 6.912871741360855 51.50669841424186, 6.912872191021658 51.50669841424198, 6.912872191021658 51.50670022605649, 6.912871741360855 51.50670022605637, 6.912871741360855 51.50670067901, 6.912871291700053 51.50670067900987, 6.912871291700053 51.5067011319635, 6.91287084203925 51.50670113196338, 6.91287084203925 51.50670203787063, 6.912870392378447 51.50670203787051, 6.912870392378447 51.50670294377776, 6.912869942717643 51.50670294377763, 6.912869942717643 51.50670702036027, 6.91286949305684 51.50670702036014, 6.91286949305684 51.50671562647902, 6.91286949305684 51.50671607943264, 6.912880284916112 51.50671607943595, 6.912880284916112 51.50661914735793))
6.912778608393898,51.50498832824615,6.91624625256839,51.50714670010036;POINT (6.912778608393898 51.5064272428156);POLYGON ((6.912771413821051 51.5064272428156, 6.912760621961779 51.5064272428156, 6.912760621961779 51.50643539597898, 6.912761071622583 51.50643539597899, 6.912761071622583 51.50643720779308, 6.912760621961779 51.50643720779306, 6.912760621961779 51.50644762572404, 6.912761071622583 51.50644762572406, 6.912761071622583 51.50645487298041, 6.912760621961779 51.50645487298038, 6.912760621961779 51.50646212023672, 6.912761071622583 51.50646212023675, 6.912761071622583 51.50646846158605, 6.912760621961779 51.50646846158601, 6.912760621961779 51.50657173498878, 6.912760621961779 51.5065721879423, 6.912771413821051 51.50657218794561, 6.912771413821051 51.5064272428156))
6.912778608393898,51.50498832824615,6.91624625256839,51.50714670010036;POINT (6.913009786497309 51.5064272428156);POLYGON ((6.913002591924461 51.50647616182091, 6.913002142263658 51.50647616182086, 6.913002142263658 51.50647570886711, 6.913002142263658 51.50647525591336, 6.913001692602855 51.50647525591332, 6.913001692602855 51.50647480295957, 6.91300079328125 51.50647480295947, 6.91300079328125 51.50647435000572, 6.912999893959643 51.50647435000563, 6.912999893959643 51.50647389705188, 6.912999444298841 51.50647389705184, 6.912999444298841 51.50647344409808, 6.912998994638038 51.50647344409804, 6.912998994638038 51.50647299114429, 6.912998994638038 51.50647253819054, 6.912998544977235 51.5064725381905, 6.912998544977235 51.50647208523675, 6.912998095316432 51.50647208523671, 6.912998095316432 51.50647163228296, 6.912997645655629 51.50647163228292, 6.912997645655629 51.50647117932917, 6.912996746334023 51.50647117932909, 6.912996746334023 51.50647163228283, 6.91299629667322 51.50647163228279, 6.91299629667322 51.50647208523654, 6.912995847012417 51.5064720852365, 6.912995847012417 51.50647253819024, 6.912995397351614 51.5064725381902, 6.912995397351614 51.50647299114394, 6.912994947690811 51.5064729911439, 6.912994947690811 51.50647344409765, 6.912994498030008 51.5064734440976, 6.912994498030008 51.50647389705135, 6.912994048369205 51.50647389705131, 6.912994048369205 51.50647435000505, 6.912993149047599 51.50647435000496, 6.912993149047599 51.50647480295871, 6.912992699386797 51.50647480295866, 6.912992699386797 51.5064752559124, 6.912992249725994 51.50647525591236, 6.912992249725994 51.50647616181984, 6.91299180006519 51.5064761618198, 6.91299180006519 51.50657173505947, 6.91299180006519 51.50657218801321, 6.913002591924461 51.50657218801652, 6.913002591924461 51.50647616182091))
6.912778608393898,51.50498832824615,6.91624625256839,51.50714670010036;POINT (6.913009782847125 51.50570778553085);POLYGON ((6.912898266967991 51.5058255534806, 6.912897817307187 51.50582555348048, 6.912897817307187 51.50582510052683, 6.912897817307187 51.50582374166587, 6.912897367646385 51.50582374166576, 6.912897367646385 51.50582328871211, 6.912897367646385 51.50582283575846, 6.912896917985582 51.50582283575835, 6.912896917985582 51.50582238280469, 6.912896917985582 51.50582192985105, 6.912896468324779 51.50582192985094, 6.912896468324779 51.50582147689729, 6.912895569003173 51.50582147689707, 6.912895569003173 51.50582102394342, 6.912894669681567 51.50582102394321, 6.912894669681567 51.50582057098956, 6.912892871038355 51.50582057098912, 6.912892871038355 51.50582011803548, 6.912889723412735 51.50582011803473, 6.912889723412735 51.50581966508108, 6.912888824091128 51.50581966508087, 6.912888824091128 51.50581921212723, 6.912888374430326 51.50581921212712, 6.912888374430326 51.50581875917348, 6.912887924769523 51.50581875917337, 6.912887924769523 51.50581830621973, 6.91288747510872 51.50581830621962, 6.91288747510872 51.50581785326598, 6.912887025447917 51.50581785326587, 6.912887025447917 51.50581740031224, 6.912886575787113 51.50581740031213, 6.912886575787113 51.50581694735849, 6.912885676465508 51.50581694735828, 6.912885676465508 51.50581649440464, 6.912865891390178 51.50581649440009, 6.912865891390178 51.50585227773622, 6.912865891390178 51.50585273068984, 6.912891971716749 51.50585273069783, 6.912891971716749 51.50585091888325, 6.912892421377553 51.50585091888338, 6.912892421377553 51.50585046592974, 6.912892871038355 51.50585046592987, 6.912892871038355 51.50585001297623, 6.912893320699158 51.50585001297636, 6.912893320699158 51.50584910706906, 6.912893770359961 51.5058491070692, 6.912893770359961 51.50584865411555, 6.912894220020764 51.50584865411568, 6.912894220020764 51.50584729525474, 6.912894669681567 51.50584729525487, 6.912894669681567 51.50584638934757, 6.91289511934237 51.5058463893477, 6.91289511934237 51.5058454834404, 6.912895569003173 51.50584548344053, 6.912895569003173 51.50584503048688, 6.912896018663976 51.50584503048702, 6.912896018663976 51.50584457753337, 6.912896468324779 51.50584457753349, 6.912896468324779 51.50584412457984, 6.912896917985582 51.50584412457997, 6.912896917985582 51.50584367162632, 6.912897367646385 51.50584367162645, 6.912897367646385 51.50584231276549, 6.912897817307187 51.50584231276562, 6.912897817307187 51.50584004799736, 6.912898266967991 51.50584004799749, 6.912898266967991 51.5058255534806))
6.94745505013881,51.50498832824615,6.950922694313302,51.50714670010036;POINT (6.947917404885533 51.50628335135865);POLYGON ((6.947809486292823 51.50638980335092, 6.94780903663202 51.50638980335082, 6.94780903663202 51.50638935036362, 6.94780903663202 51.50638799140201, 6.947808586971218 51.50638799140192, 6.947808586971218 51.50638753841471, 6.947808586971218 51.50638663244032, 6.947808137310414 51.50638663244022, 6.947808137310414 51.50638617945302, 6.947807687649611 51.50638617945292, 6.947807687649611 51.50638572646572, 6.947807237988808 51.50638572646562, 6.947807237988808 51.50638527347842, 6.947806788328005 51.50638527347832, 6.947806788328005 51.50638482049113, 6.947806338667203 51.50638482049103, 6.947806338667203 51.50638436750383, 6.947806338667203 51.50638391451663, 6.9478058890064 51.50638391451654, 6.9478058890064 51.50638346152934, 6.9478058890064 51.5063721368494, 6.947805439345596 51.50637213684931, 6.947805439345596 51.50637168386211, 6.947805439345596 51.50637123087492, 6.947804989684793 51.50637123087483, 6.947804989684793 51.50637077788764, 6.947804540023991 51.50637077788755, 6.947804540023991 51.50637032490036, 6.947804090363188 51.50637032490027, 6.947804090363188 51.50636987191308, 6.947803640702385 51.50636987191299, 6.947803640702385 51.5063694189258, 6.947803191041582 51.50636941892571, 6.947803191041582 51.50636896593852, 6.947802741380779 51.50636896593844, 6.947802741380779 51.50636851295125, 6.947802291719976 51.50636851295116, 6.947802291719976 51.50636805996397, 6.947802291719976 51.50636126515606, 6.947801842059173 51.50636126515598, 6.947801842059173 51.50636081216879, 6.94780139239837 51.50636081216872, 6.94780139239837 51.50636035918152, 6.947800942737567 51.50636035918145, 6.947800942737567 51.50635990619426, 6.947800493076764 51.50635990619418, 6.947800493076764 51.50635945320699, 6.947793298503917 51.50635945320582, 6.947793298503917 51.50635990619301, 6.947792399182311 51.50635990619286, 6.947792399182311 51.50636035918005, 6.947791949521508 51.50636035917998, 6.947791949521508 51.50636126515435, 6.947791499860704 51.50636126515427, 6.947791499860704 51.50637576074415, 6.947791949521508 51.50637576074424, 6.947791949521508 51.50637621373142, 6.947791949521508 51.50637666671861, 6.947792399182311 51.50637666671869, 6.947792399182311 51.50637711970588, 6.947792848843114 51.50637711970597, 6.947792848843114 51.50637757269315, 6.947793298503917 51.50637757269325, 6.947793298503917 51.50637802568043, 6.947793748164719 51.50637802568053, 6.947793748164719 51.50637847866771, 6.947794197825522 51.5063784786678, 6.947794197825522 51.50637893165499, 6.947794647486326 51.50637893165508, 6.947794647486326 51.50637983762945, 6.947794647486326 51.50638029061664, 6.947795097147129 51.50638029061673, 6.947795097147129 51.50639342724516, 6.947795097147129 51.50639388023235, 6.947795546807932 51.50639388023246, 6.947795546807932 51.50639433321965, 6.947795546807932 51.50639478620683, 6.947795996468734 51.50639478620694, 6.947795996468734 51.50639523919413, 6.947796446129537 51.50639523919423, 6.947796446129537 51.50639569218142, 6.947797345451144 51.50639569218163, 6.947797345451144 51.50639614516883, 6.947797795111947 51.50639614516894, 6.947797795111947 51.50639659815612, 6.947798244772749 51.50639659815623, 6.947798244772749 51.50639705114342, 6.947798694433552 51.50639705114353, 6.947798694433552 51.50640429893858, 6.947798694433552 51.50640475192577, 6.947799144094355 51.50640475192589, 6.947799144094355 51.50640520491308, 6.947799144094355 51.50640565790027, 6.947799593755158 51.50640565790039, 6.947799593755158 51.50640611088758, 6.947800493076764 51.50640611088782, 6.947800493076764 51.506406563875, 6.947804090363188 51.50640656387595, 6.947804090363188 51.50640611088875, 6.9478058890064 51.50640611088922, 6.9478058890064 51.50640565790203, 6.947806788328005 51.50640565790226, 6.947806788328005 51.50640520491506, 6.947807687649611 51.5064052049153, 6.947807687649611 51.50640475192809, 6.947808137310414 51.50640475192821, 6.947808137310414 51.50640384595381, 6.947808586971218 51.50640384595393, 6.947808586971218 51.50640293997952, 6.94780903663202 51.50640293997964, 6.94780903663202 51.50640203400524, 6.947809486292823 51.50640203400535, 6.947809486292823 51.50638980335092))
6.94745505013881,51.50498832824615,6.950922694313302,51.50714670010036;POINT (6.949766801971315 51.5058516769878);POLYGON ((6.949691258956418 51.50595133457097, 6.949690809295614 51.50595133457087, 6.949690809295614 51.50595088158185, 6.949690809295614 51.50595042859284, 6.949690359634811 51.50595042859275, 6.949690359634811 51.50594997560373, 6.949689460313206 51.50594997560354, 6.949689460313206 51.50594952261453, 6.949685413365979 51.50594952261369, 6.949685413365979 51.50594906962468, 6.949684514044373 51.50594906962449, 6.949684514044373 51.50594861663549, 6.949684514044373 51.50594816364648, 6.94968406438357 51.50594816364639, 6.94968406438357 51.50594771065738, 6.949683614722767 51.50594771065729, 6.949683614722767 51.50594725766828, 6.949683614722767 51.50594680467928, 6.949683165061964 51.50594680467918, 6.949683165061964 51.50594635169018, 6.949682265740358 51.50594635168999, 6.949682265740358 51.50594589870099, 6.949681366418752 51.50594589870081, 6.949681366418752 51.5059454457118, 6.949680916757949 51.50594544571171, 6.949680916757949 51.50594499272271, 6.949680467097147 51.50594499272262, 6.949680467097147 51.50594453973361, 6.949680467097147 51.50594408674461, 6.949680017436344 51.50594408674452, 6.949680017436344 51.50594363375552, 6.94967956777554 51.50594363375543, 6.94967956777554 51.50594318076643, 6.949679118114737 51.50594318076634, 6.949679118114737 51.50594272777734, 6.949676420149919 51.50594272777681, 6.949676420149919 51.50594227478781, 6.949674171845905 51.50594227478738, 6.949674171845905 51.50594182179839, 6.949673722185102 51.5059418217983, 6.949673722185102 51.5059413688093, 6.949673272524299 51.50594136880922, 6.949673272524299 51.50594091582022, 6.949673272524299 51.50594046283122, 6.949672822863496 51.50594046283113, 6.949672822863496 51.50594000984214, 6.949672822863496 51.50593955685314, 6.949672373202693 51.50593955685306, 6.949672373202693 51.50593910386407, 6.949671473881088 51.50593910386389, 6.949671473881088 51.5059386508749, 6.949666977273058 51.50593865087406, 6.949666977273058 51.50593819788508, 6.949666527612255 51.50593819788499, 6.949666527612255 51.505937744896, 6.949666077951452 51.50593774489592, 6.949666077951452 51.50593729190693, 6.949666077951452 51.50593683891794, 6.949665628290648 51.50593683891786, 6.949665628290648 51.50593638592887, 6.949665628290648 51.50593593293988, 6.949665178629846 51.5059359329398, 6.949665178629846 51.50593547995081, 6.94966427930824 51.50593547995065, 6.94966427930824 51.50593502696166, 6.949660232361013 51.50593502696094, 6.949660232361013 51.50593457397196, 6.949659333039407 51.5059345739718, 6.949659333039407 51.50593412098281, 6.949659333039407 51.50593366799384, 6.949658883378604 51.50593366799376, 6.949658883378604 51.50593321500477, 6.949658433717802 51.5059332150047, 6.949658433717802 51.50593276201571, 6.949658433717802 51.50593230902673, 6.949657984056999 51.50593230902665, 6.949657984056999 51.50593185603767, 6.949657084735392 51.50593185603751, 6.949657084735392 51.50593140304854, 6.949652588127363 51.50593140304778, 6.949652588127363 51.5059309500588, 6.94965213846656 51.50593095005872, 6.94965213846656 51.50593049706974, 6.949651688805757 51.50593049706967, 6.949651688805757 51.50593004408069, 6.949651688805757 51.50592959109171, 6.949651239144954 51.50592959109164, 6.949651239144954 51.50592913810267, 6.949651239144954 51.50592868511369, 6.949650789484151 51.50592868511362, 6.949650789484151 51.50592823212464, 6.949649890162545 51.50592823212449, 6.949649890162545 51.50592777913552, 6.949645843215318 51.50592777913486, 6.949645843215318 51.50592732614589, 6.949645393554515 51.50592732614582, 6.949645393554515 51.50592687315685, 6.949644943893713 51.50592687315678, 6.949644943893713 51.50592642016781, 6.94964449423291 51.50592642016774, 6.94964449423291 51.50592596717877, 6.94964449423291 51.5059255141898, 6.949644044572107 51.50592551418973, 6.949644044572107 51.50592506120076, 6.949643594911303 51.50592506120069, 6.949643594911303 51.50592460821172, 6.949642695589698 51.50592460821158, 6.949642695589698 51.50592415522262, 6.949640447285683 51.50592415522227, 6.949640447285683 51.5059237022333, 6.949639098303274 51.5059237022331, 6.949639098303274 51.50592324924413, 6.949638198981668 51.50592324924399, 6.949638198981668 51.50592279625503, 6.949638198981668 51.50592234326606, 6.949637749320865 51.505922343266, 6.949637749320865 51.50592189027704, 6.949637299660062 51.50592189027697, 6.949637299660062 51.50592143728801, 6.949636400338457 51.50592143728787, 6.949636400338457 51.50592098429891, 6.94963550101685 51.50592098429878, 6.94963550101685 51.50592053130982, 6.949634601695244 51.50592053130968, 6.949634601695244 51.50592007832073, 6.949634152034442 51.50592007832066, 6.949634152034442 51.5059196253317, 6.949633702373639 51.50591962533164, 6.949633702373639 51.50591917234268, 6.949633702373639 51.50591871935372, 6.949633252712836 51.50591871935366, 6.949633252712836 51.5059182663647, 6.949633252712836 51.50591781337574, 6.949632803052033 51.50591781337567, 6.949632803052033 51.50591736038672, 6.949631903730427 51.50591736038659, 6.949631903730427 51.50591690739763, 6.949627407122398 51.50591690739701, 6.949627407122398 51.50591645440806, 6.949626957461594 51.50591645440799, 6.949626957461594 51.50591600141905, 6.949626507800791 51.50591600141898, 6.949626507800791 51.50591554843003, 6.949626507800791 51.50591509544108, 6.949626058139988 51.50591509544102, 6.949626058139988 51.50591464245206, 6.949626058139988 51.50591418946311, 6.949625608479185 51.50591418946306, 6.949625608479185 51.50591373647411, 6.94962470915758 51.50591373647399, 6.94962470915758 51.50591328348504, 6.949622910514368 51.5059132834848, 6.949622910514368 51.50596311226914, 6.94962470915758 51.50596311226956, 6.94962470915758 51.50596356525851, 6.949625608479185 51.50596356525872, 6.949625608479185 51.50596401824767, 6.949626058139988 51.50596401824778, 6.949626058139988 51.50596447123674, 6.949626058139988 51.50596492422569, 6.949626507800791 51.50596492422579, 6.949626507800791 51.50596537721474, 6.949626507800791 51.5059658302037, 6.949626957461594 51.50596583020381, 6.949626957461594 51.50596628319276, 6.949626957461594 51.50596673618171, 6.949627407122398 51.50596673618182, 6.949627407122398 51.50596718917078, 6.949628306444003 51.505967189171, 6.949628306444003 51.50596764215995, 6.949629205765609 51.50596764216017, 6.949629205765609 51.50596809514913, 6.949629655426412 51.50596809514924, 6.949629655426412 51.50596854813819, 6.949630105087215 51.50596854813831, 6.949630105087215 51.50596900112726, 6.949630105087215 51.50596945411621, 6.949630554748018 51.50596945411633, 6.949630554748018 51.50596990710528, 6.949631004408821 51.5059699071054, 6.949631004408821 51.50597036009435, 6.949631454069624 51.50597036009447, 6.949631454069624 51.50597081308342, 6.949633702373639 51.50597081308399, 6.949633702373639 51.50597126607295, 6.949639098303274 51.50597126607433, 6.949639098303274 51.50597171906329, 6.94963999762488 51.50597171906352, 6.94963999762488 51.50597217205248, 6.949640447285683 51.5059721720526, 6.949640447285683 51.50597262504157, 6.949640447285683 51.50597307803053, 6.949640896946486 51.50597307803064, 6.949640896946486 51.50597353101961, 6.949641346607289 51.50597353101973, 6.949641346607289 51.5059739840087, 6.949641796268092 51.50597398400881, 6.949641796268092 51.50597443699778, 6.949642695589698 51.50597443699801, 6.949642695589698 51.50597488998698, 6.949643594911303 51.50597488998721, 6.949643594911303 51.50597534297619, 6.949644044572107 51.5059753429763, 6.949644044572107 51.50597579596527, 6.94964449423291 51.50597579596539, 6.94964449423291 51.50597624895436, 6.94964449423291 51.50597670194333, 6.949644943893713 51.50597670194345, 6.949644943893713 51.50597715493242, 6.949645393554515 51.50597715493254, 6.949645393554515 51.50597760792151, 6.949645843215318 51.50597760792163, 6.949645843215318 51.5059780609106, 6.94964764185853 51.50597806091108, 6.94964764185853 51.50597851390005, 6.949650789484151 51.50597851390091, 6.949650789484151 51.50597896688988, 6.949651239144954 51.50597896689001, 6.949651239144954 51.50597941987898, 6.949651688805757 51.5059794198791, 6.949651688805757 51.50597987286807, 6.949651688805757 51.50598032585705, 6.94965213846656 51.50598032585717, 6.94965213846656 51.50598077884615, 6.94965213846656 51.50598123183513, 6.949652588127363 51.50598123183525, 6.949652588127363 51.50598168482423, 6.949653487448969 51.50598168482448, 6.949653487448969 51.50598213781345, 6.949657534396195 51.50598213781458, 6.949657534396195 51.50598259080356, 6.949657984056999 51.50598259080369, 6.949657984056999 51.50598304379267, 6.949658433717802 51.5059830437928, 6.949658433717802 51.50598349678178, 6.949658883378604 51.5059834967819, 6.949658883378604 51.50598394977089, 6.949658883378604 51.50598440275987, 6.949659333039407 51.50598440276, 6.949659333039407 51.50598485574898, 6.94965978270021 51.50598485574911, 6.94965978270021 51.50598530873809, 6.949660682021817 51.50598530873835, 6.949660682021817 51.50598576172733, 6.949664728969043 51.50598576172849, 6.949664728969043 51.50598621471747, 6.949665178629846 51.5059862147176, 6.949665178629846 51.50598666770659, 6.949665628290648 51.50598666770672, 6.949665628290648 51.50598712069571, 6.949666077951452 51.50598712069584, 6.949666077951452 51.50598757368483, 6.949666077951452 51.50598802667382, 6.949666527612255 51.50598802667395, 6.949666527612255 51.50598847966295, 6.949666977273058 51.50598847966307, 6.949666977273058 51.50598893265207, 6.949667876594663 51.50598893265233, 6.949667876594663 51.50598938564132, 6.949671473881088 51.50598938564237, 6.949671473881088 51.50598893265338, 6.949672373202693 51.50598893265364, 6.949672373202693 51.50598847966464, 6.949672822863496 51.50598847966477, 6.949672822863496 51.50598757368678, 6.949673272524299 51.50598757368691, 6.949673272524299 51.50598666770892, 6.949673722185102 51.50598666770905, 6.949673722185102 51.50598576173105, 6.949674171845905 51.50598576173118, 6.949674171845905 51.50598530874218, 6.949674621506708 51.50598530874231, 6.949674621506708 51.50598485575331, 6.949675071167511 51.50598485575344, 6.949675071167511 51.50598440276444, 6.949675520828314 51.50598440276457, 6.949675520828314 51.50598394977557, 6.949675970489117 51.5059839497757, 6.949675970489117 51.5059825908087, 6.949676420149919 51.50598259080882, 6.949676420149919 51.50598077885282, 6.949676869810722 51.50598077885294, 6.949676869810722 51.50597896689694, 6.949677319471526 51.50597896689707, 6.949677319471526 51.50597851390806, 6.949677769132329 51.50597851390818, 6.949677769132329 51.50597760793018, 6.949678218793132 51.5059776079303, 6.949678218793132 51.5059771549413, 6.949679118114737 51.50597715494154, 6.949679118114737 51.50597624896353, 6.94967956777554 51.50597624896366, 6.94967956777554 51.50597488999664, 6.949680017436344 51.50597488999676, 6.949680017436344 51.50597307804075, 6.949680467097147 51.50597307804087, 6.949680467097147 51.50597217206285, 6.949680916757949 51.50597217206298, 6.949680916757949 51.50597171907397, 6.949681366418752 51.50597171907408, 6.949681366418752 51.50597126608508, 6.949682265740358 51.5059712660853, 6.949682265740358 51.5059708130963, 6.949682715401162 51.50597081309642, 6.949682715401162 51.50597036010741, 6.949683165061964 51.50597036010753, 6.949683165061964 51.50596990711852, 6.949683614722767 51.50596990711863, 6.949683614722767 51.50596764217359, 6.94968406438357 51.50596764217371, 6.94968406438357 51.50596492423966, 6.949684514044373 51.50596492423977, 6.949684514044373 51.50596447125076, 6.949684963705176 51.50596447125087, 6.949684963705176 51.50596401826186, 6.949685863026782 51.50596401826208, 6.949685863026782 51.50596356527306, 6.949686312687585 51.50596356527317, 6.949686312687585 51.50596311228416, 6.949686762348388 51.50596311228427, 6.949686762348388 51.50596265929526, 6.949687212009191 51.50596265929536, 6.949687212009191 51.50596130032834, 6.949687661669993 51.50596130032844, 6.949687661669993 51.50595767641635, 6.949688111330797 51.50595767641646, 6.949688111330797 51.50595722342744, 6.9496885609916 51.50595722342754, 6.9496885609916 51.50595677043853, 6.949689460313206 51.50595677043874, 6.949689460313206 51.50595631744972, 6.949689909974008 51.50595631744982, 6.949689909974008 51.50595586446081, 6.949690359634811 51.50595586446091, 6.949690359634811 51.50595541147189, 6.949690809295614 51.50595541147199, 6.949690809295614 51.50595495848298, 6.949691258956418 51.50595495848308, 6.949691258956418 51.50595133457097))
6.94745505013881,51.50498832824615,6.950922694313302,51.50714670010036;POINT (6.949535620217848 51.50570778553085);POLYGON ((6.949415560783458 51.50579974224684, 6.949414661461851 51.50579974224666, 6.949414661461851 51.50579928925791, 6.949413762140246 51.50579928925774, 6.949413762140246 51.50579883626899, 6.949411963497034 51.50579883626864, 6.949411963497034 51.5057983832799, 6.949410614514625 51.50579838327963, 6.949410614514625 51.50579793029089, 6.949410164853822 51.5057979302908, 6.949410164853822 51.50579747730206, 6.949409715193019 51.50579747730198, 6.949409715193019 51.50579702431323, 6.949409715193019 51.50579657132449, 6.949409265532216 51.5057965713244, 6.949409265532216 51.50579611833566, 6.949409265532216 51.50579566534692, 6.949408815871413 51.50579566534684, 6.949408815871413 51.50579521235809, 6.949407916549807 51.50579521235792, 6.949407916549807 51.50579475936918, 6.949404768924187 51.50579475936861, 6.949404768924187 51.50579430637986, 6.94940386960258 51.5057943063797, 6.94940386960258 51.50579385339096, 6.949403419941778 51.50579385339088, 6.949403419941778 51.50579340040214, 6.949402970280975 51.50579340040206, 6.949402970280975 51.50579294741333, 6.949402520620172 51.50579294741324, 6.949402520620172 51.5057924944245, 6.949402070959369 51.50579249442443, 6.949402070959369 51.50579204143569, 6.949401621298566 51.5057920414356, 6.949401621298566 51.50579158844688, 6.94940072197696 51.50579158844671, 6.94940072197696 51.50579113545798, 6.949397124690536 51.50579113545734, 6.949397124690536 51.50579068246861, 6.949396225368931 51.50579068246845, 6.949396225368931 51.50579022947972, 6.949395775708127 51.50579022947964, 6.949395775708127 51.50578977649091, 6.949395326047324 51.50578977649084, 6.949395326047324 51.50578932350211, 6.949395326047324 51.50578887051338, 6.949394876386521 51.5057888705133, 6.949394876386521 51.50578841752457, 6.949394426725719 51.50578841752449, 6.949394426725719 51.50578796453576, 6.949393527404113 51.50578796453561, 6.949393527404113 51.50578751154688, 6.949391728760901 51.50578751154658, 6.949391728760901 51.50583779329513, 6.949391728760901 51.50583824628386, 6.949393977064916 51.50583824628448, 6.949393977064916 51.50583779329575, 6.949397574351339 51.50583779329675, 6.949397574351339 51.50583734030802, 6.949398024012142 51.50583734030814, 6.949398024012142 51.50583688731941, 6.949398473672945 51.50583688731953, 6.949398473672945 51.50583326340968, 6.949398923333749 51.5058332634098, 6.949398923333749 51.5058319044436, 6.949399372994551 51.50583190444372, 6.949399372994551 51.50583145145498, 6.949399822655354 51.5058314514551, 6.949399822655354 51.50583099846637, 6.94940072197696 51.50583099846661, 6.94940072197696 51.50583054547787, 6.949401171637763 51.50583054547798, 6.949401171637763 51.50583009248925, 6.949401621298566 51.50583009248937, 6.949401621298566 51.50582963950063, 6.949402070959369 51.50582963950075, 6.949402070959369 51.50582692156834, 6.949402520620172 51.50582692156845, 6.949402520620172 51.50582465662477, 6.949402970280975 51.50582465662488, 6.949402970280975 51.50582420363614, 6.949403419941778 51.50582420363626, 6.949403419941778 51.50582375064752, 6.949404319263383 51.50582375064774, 6.949404319263383 51.50582329765901, 6.94940521858499 51.50582329765923, 6.94940521858499 51.50582284467048, 6.949405668245793 51.5058228446706, 6.949405668245793 51.50582193869312, 6.949406117906595 51.50582193869322, 6.949406117906595 51.50581740880583, 6.949406567567398 51.50581740880593, 6.949406567567398 51.5058169558172, 6.949407017228201 51.5058169558173, 6.949407017228201 51.50581650282856, 6.949407916549807 51.50581650282876, 6.949407916549807 51.50581604984003, 6.949408815871413 51.50581604984023, 6.949408815871413 51.50581559685149, 6.949409265532216 51.50581559685159, 6.949409265532216 51.50581469087411, 6.949409715193019 51.50581469087421, 6.949409715193019 51.50581016098678, 6.949410164853822 51.50581016098688, 6.949410164853822 51.50580970799813, 6.949410614514625 51.50580970799823, 6.949410614514625 51.50580925500949, 6.949411513836231 51.50580925500968, 6.949411513836231 51.50580880202094, 6.949412413157837 51.50580880202113, 6.949412413157837 51.50580834903239, 6.94941286281864 51.50580834903248, 6.94941286281864 51.50580744305499, 6.949413312479443 51.50580744305508, 6.949413312479443 51.50580381914511, 6.949413762140246 51.50580381914521, 6.949413762140246 51.50580246017896, 6.949414211801049 51.50580246017905, 6.949414211801049 51.50580155420156, 6.949414661461851 51.50580155420165, 6.949414661461851 51.5058011012129, 6.949415111122654 51.50580110121299, 6.949415111122654 51.50580064822424, 6.949415560783458 51.50580064822433, 6.949415560783458 51.50579974224684))
6.94745505013881,51.50498832824615,6.950922694313302,51.50714670010036;POINT (6.949766794671074 51.50570778553085);POLYGON ((6.949766794671074 51.50576939204671, 6.949764096706256 51.50576939204635, 6.949764096706256 51.50576893905727, 6.949763647045454 51.50576893905721, 6.949763647045454 51.50576848606813, 6.949763197384651 51.50576848606806, 6.949763197384651 51.50576803307899, 6.949763197384651 51.5057675800899, 6.949762747723848 51.50576758008985, 6.949762747723848 51.50576712710076, 6.949762747723848 51.50576667411168, 6.949762298063044 51.50576667411162, 6.949762298063044 51.50576622112253, 6.949761398741439 51.50576622112243, 6.949761398741439 51.50576576813334, 6.949756902133409 51.50576576813279, 6.949756902133409 51.50576531514371, 6.949756452472606 51.50576531514366, 6.949756452472606 51.50576486215458, 6.949756002811803 51.50576486215452, 6.949756002811803 51.50576440916544, 6.949756002811803 51.50576395617637, 6.949755553151 51.50576395617632, 6.949755553151 51.50576350318724, 6.949755553151 51.50576305019816, 6.949755103490197 51.50576305019811, 6.949755103490197 51.50576259720903, 6.949754204168591 51.50576259720893, 6.949754204168591 51.50576214421986, 6.949751506203773 51.50576214421955, 6.949751506203773 51.50576169123047, 6.949750157221365 51.50576169123032, 6.949750157221365 51.50576123824124, 6.949749707560562 51.50576123824119, 6.949749707560562 51.50576078525212, 6.949749257899759 51.50576078525207, 6.949749257899759 51.505760332263, 6.949749257899759 51.50575987927393, 6.949748808238955 51.50575987927388, 6.949748808238955 51.50575942628481, 6.94974790891735 51.50575942628471, 6.94974790891735 51.50575897329564, 6.949747009595744 51.50575897329555, 6.949747009595744 51.50575852030648, 6.949746110274138 51.50575852030638, 6.949746110274138 51.50575806731732, 6.949745660613335 51.50575806731727, 6.949745660613335 51.5057576143282, 6.949745210952532 51.50575761432815, 6.949745210952532 51.50575716133908, 6.949744761291729 51.50575716133904, 6.949744761291729 51.50575670834997, 6.949744761291729 51.50575625536091, 6.949744311630926 51.50575625536086, 6.949744311630926 51.50575580237179, 6.949743861970124 51.50575580237175, 6.949743861970124 51.50575534938268, 6.949740264683699 51.50575534938232, 6.949740264683699 51.50575489639326, 6.949738915701291 51.50575489639312, 6.949738915701291 51.50575444340407, 6.949738466040488 51.50575444340402, 6.949738466040488 51.50575399041496, 6.949738016379685 51.50575399041492, 6.949738016379685 51.50575353742585, 6.949738016379685 51.5057530844368, 6.949737566718881 51.50575308443675, 6.949737566718881 51.50575263144769, 6.949737566718881 51.50575217845864, 6.949737117058079 51.50575217845859, 6.949737117058079 51.50575172546953, 6.949736217736473 51.50575172546945, 6.949736217736473 51.50575127248039, 6.949731721128443 51.50575127247998, 6.949731721128443 51.50575081949092, 6.94973127146764 51.50575081949088, 6.94973127146764 51.50575036650183, 6.949730821806837 51.50575036650179, 6.949730821806837 51.50574991351274, 6.949730821806837 51.50574946052368, 6.949730372146035 51.50574946052364, 6.949730372146035 51.50574900753459, 6.949730372146035 51.50574855454554, 6.949729922485232 51.5057485545455, 6.949729922485232 51.50574810155645, 6.949729023163625 51.50574810155637, 6.949729023163625 51.50574764856732, 6.949724526555596 51.50574764856694, 6.949724526555596 51.50574719557789, 6.949724076894793 51.50574719557785, 6.949724076894793 51.5057467425888, 6.94972362723399 51.50574674258877, 6.94972362723399 51.50574628959973, 6.94972362723399 51.50574583661068, 6.949723177573187 51.50574583661064, 6.949723177573187 51.50574538362159, 6.949723177573187 51.50574493063255, 6.949722727912384 51.50574493063252, 6.949722727912384 51.50574447764347, 6.949721828590778 51.5057444776434, 6.949721828590778 51.50574402465435, 6.949717331982749 51.50574402465401, 6.949717331982749 51.50574357166497, 6.949716882321946 51.50574357166494, 6.949716882321946 51.5057431186759, 6.949716432661143 51.50574311867587, 6.949716432661143 51.50574266568682, 6.949716432661143 51.50574221269779, 6.94971598300034 51.50574221269775, 6.94971598300034 51.50574175970872, 6.94971598300034 51.50574130671968, 6.949715533339536 51.50574130671965, 6.949715533339536 51.50574085373061, 6.949714634017931 51.50574085373054, 6.949714634017931 51.50574040074151, 6.949711036731507 51.50574040074126, 6.949711036731507 51.50574085373029, 6.949710137409901 51.50574085373023, 6.949710137409901 51.50574130671926, 6.949709687749098 51.50574130671923, 6.949709687749098 51.50574221269729, 6.949709238088295 51.50574221269726, 6.949709238088295 51.50574311867533, 6.949708788427492 51.50574311867529, 6.949708788427492 51.50574357166432, 6.94970833876669 51.50574357166429, 6.94970833876669 51.50574402465332, 6.949703392497857 51.50574402465293, 6.949703392497857 51.50574357166391, 6.949702942837054 51.50574357166388, 6.949702942837054 51.50574311867485, 6.949702493176251 51.50574311867481, 6.949702493176251 51.50574266568579, 6.949702043515448 51.50574266568576, 6.949702043515448 51.50574221269673, 6.949702043515448 51.50574175970771, 6.949701593854645 51.50574175970767, 6.949701593854645 51.50574130671865, 6.949701144193842 51.50574130671862, 6.949701144193842 51.5057408537296, 6.949700244872236 51.50574085372953, 6.949700244872236 51.50574040074051, 6.949699345550631 51.50574040074045, 6.949699345550631 51.50573994775142, 6.949698446229024 51.50573994775137, 6.949698446229024 51.50573949476235, 6.949697996568221 51.50573949476231, 6.949697996568221 51.50573904177329, 6.949697546907418 51.50573904177326, 6.949697546907418 51.50573858878424, 6.949697097246616 51.50573858878421, 6.949697097246616 51.50573813579519, 6.949696197925009 51.50573813579513, 6.949696197925009 51.50573858878415, 6.949695748264206 51.50573858878413, 6.949695748264206 51.50573904177314, 6.949695298603404 51.50573904177311, 6.949695298603404 51.50573949476213, 6.949694848942601 51.5057394947621, 6.949694848942601 51.50573994775112, 6.949693949620995 51.50573994775105, 6.949693949620995 51.50574040074007, 6.949693050299389 51.50574040074001, 6.949693050299389 51.50574085372903, 6.949692150977783 51.50574085372897, 6.949692150977783 51.50574130671798, 6.94969170131698 51.50574130671794, 6.94969170131698 51.50574221269598, 6.949691251656177 51.50574221269594, 6.949691251656177 51.50574628959707, 6.949690801995374 51.50574628959703, 6.949690801995374 51.50574674258605, 6.949690352334571 51.50574674258601, 6.949690352334571 51.50574719557503, 6.949689902673768 51.50574719557499, 6.949689902673768 51.505747648564, 6.949689003352162 51.50574764856393, 6.949689003352162 51.50574810155294, 6.94968855369136 51.5057481015529, 6.94968855369136 51.50574855454191, 6.949688104030557 51.50574855454187, 6.949688104030557 51.50574946051989, 6.949687654369753 51.50574946051985, 6.949687654369753 51.50575036649788, 6.94968720470895 51.50575036649784, 6.94968720470895 51.50575127247586, 6.949686755048147 51.50575127247581, 6.949686755048147 51.50575172546483, 6.949685855726542 51.50575172546474, 6.949685855726542 51.50575217845375, 6.949685406065739 51.5057521784537, 6.949685406065739 51.50575263144272, 6.949684956404935 51.50575263144268, 6.949684956404935 51.50575353742069, 6.949684506744132 51.50575353742065, 6.949684506744132 51.50575625535469, 6.94968405708333 51.50575625535465, 6.94968405708333 51.50575761432167, 6.949683607422527 51.50575761432162, 6.949683607422527 51.50575806731063, 6.949683157761724 51.50575806731058, 6.949683157761724 51.50575852029959, 6.949682708100921 51.50575852029954, 6.949682708100921 51.50575897328854, 6.949681808779315 51.50575897328844, 6.949681808779315 51.50575942627745, 6.949681359118512 51.5057594262774, 6.949681359118512 51.50575987926641, 6.949680909457709 51.50575987926636, 6.949680909457709 51.50576305018939, 6.949680459796906 51.50576305018934, 6.949680459796906 51.50576486214535, 6.949680010136103 51.5057648621453, 6.949680010136103 51.5057653151343, 6.9496795604753 51.50576531513425, 6.9496795604753 51.50576576812325, 6.949678661153694 51.50576576812313, 6.949678661153694 51.50576622111214, 6.949677761832088 51.50576622111203, 6.949677761832088 51.50576667410103, 6.949677312171286 51.50576667410098, 6.949677312171286 51.50576758007897, 6.949676862510482 51.50576758007892, 6.949676862510482 51.50577120399092, 6.949677312171286 51.50577120399098, 6.949677312171286 51.50577165697998, 6.949677312171286 51.50577210996898, 6.949677761832088 51.50577210996904, 6.949677761832088 51.50577256295804, 6.949678661153694 51.50577256295817, 6.949678661153694 51.50577301594717, 6.949683157761724 51.5057730159478, 6.949683157761724 51.5057734689368, 6.949683607422527 51.50577346893687, 6.949683607422527 51.50577392192587, 6.94968405708333 51.50577392192594, 6.94968405708333 51.50577437491494, 6.94968405708333 51.50577482790395, 6.949684506744132 51.50577482790401, 6.949684506744132 51.50577528089303, 6.949684506744132 51.50577573388203, 6.949684956404935 51.5057757338821, 6.949684956404935 51.5057761868711, 6.949685855726542 51.50577618687124, 6.949685855726542 51.50577663986024, 6.949687654369753 51.50577663986051, 6.949687654369753 51.50577709284952, 6.949689003352162 51.50577709284972, 6.949689003352162 51.50577754583873, 6.949689453012965 51.5057775458388, 6.949689453012965 51.50577799882781, 6.949689902673768 51.50577799882787, 6.949689902673768 51.50577845181689, 6.949690352334571 51.50577845181696, 6.949690352334571 51.50577890480597, 6.949691251656177 51.50577890480611, 6.949691251656177 51.50577935779512, 6.94969170131698 51.50577935779519, 6.94969170131698 51.5057798107842, 6.949693050299389 51.50577981078441, 6.949693050299389 51.50578026377342, 6.949693949620995 51.50578026377357, 6.949693949620995 51.50578071676258, 6.949694399281798 51.50578071676265, 6.949694399281798 51.50578116975167, 6.949694848942601 51.50578116975174, 6.949694848942601 51.50578162274076, 6.949694848942601 51.50578207572978, 6.949695298603404 51.50578207572985, 6.949695298603404 51.50578252871887, 6.949695748264206 51.50578252871894, 6.949695748264206 51.50578298170795, 6.949696197925009 51.50578298170803, 6.949696197925009 51.50578343469704, 6.949697996568221 51.50578343469734, 6.949697996568221 51.50578388768636, 6.949701144193842 51.50578388768687, 6.949701144193842 51.50578434067589, 6.949701593854645 51.50578434067597, 6.949701593854645 51.50578479366499, 6.949702043515448 51.50578479366506, 6.949702043515448 51.50578524665409, 6.949702043515448 51.50578569964311, 6.949702493176251 51.50578569964318, 6.949702493176251 51.50578615263221, 6.949702493176251 51.50578660562124, 6.949702942837054 51.50578660562131, 6.949702942837054 51.50578705861034, 6.94970384215866 51.50578705861049, 6.94970384215866 51.50578751159951, 6.94970833876669 51.50578751160027, 6.94970833876669 51.50578796458931, 6.949708788427492 51.50578796458939, 6.949708788427492 51.50578841757842, 6.949709238088295 51.50578841757849, 6.949709238088295 51.50578887056753, 6.949709238088295 51.50578932355656, 6.949709687749098 51.50578932355663, 6.949709687749098 51.50578977654567, 6.949709687749098 51.5057902295347, 6.949710137409901 51.50579022953477, 6.949710137409901 51.50579068252381, 6.949711036731507 51.50579068252397, 6.949711036731507 51.505791135513, 6.949715083678734 51.50579113551372, 6.949715083678734 51.50579158850276, 6.94971598300034 51.50579158850292, 6.94971598300034 51.50579204149196, 6.94971598300034 51.50579249448099, 6.949716432661143 51.50579249448108, 6.949716432661143 51.50579294747011, 6.949716882321946 51.5057929474702, 6.949716882321946 51.50579340045923, 6.949716882321946 51.50579385344827, 6.949717331982749 51.50579385344835, 6.949717331982749 51.50579430643739, 6.949718231304354 51.50579430643756, 6.949718231304354 51.5057947594266, 6.949722727912384 51.50579475942743, 6.949722727912384 51.50579521241648, 6.949723177573187 51.50579521241656, 6.949723177573187 51.50579566540561, 6.94972362723399 51.50579566540569, 6.94972362723399 51.50579611839473, 6.94972362723399 51.50579657138378, 6.949724076894793 51.50579657138387, 6.949724076894793 51.50579702437291, 6.949724076894793 51.50579747736196, 6.949724526555596 51.50579747736204, 6.949724526555596 51.50579793035109, 6.949725425877202 51.50579793035126, 6.949725425877202 51.50579838334031, 6.949726774859611 51.50579838334057, 6.949726774859611 51.50579883632962, 6.949727674181217 51.5057988363298, 6.949727674181217 51.50579928931884, 6.949728573502822 51.50579928931901, 6.949728573502822 51.50579974230807, 6.949729023163625 51.50579974230816, 6.949729023163625 51.5058001952972, 6.949729472824428 51.5058001952973, 6.949729472824428 51.50580064828635, 6.949729922485232 51.50580064828644, 6.949729922485232 51.50580110127549, 6.94973127146764 51.50580110127576, 6.94973127146764 51.50580155426481, 6.94973262045005 51.50580155426508, 6.94973262045005 51.50580200725413, 6.949733519771655 51.50580200725431, 6.949733519771655 51.50580246024337, 6.949733969432458 51.50580246024346, 6.949733969432458 51.50580291323251, 6.949734419093261 51.50580291323261, 6.949734419093261 51.50580336622166, 6.949734419093261 51.50580381921072, 6.949734868754064 51.5058038192108, 6.949734868754064 51.50580427219986, 6.949734868754064 51.50580472518892, 6.949735318414867 51.50580472518902, 6.949735318414867 51.50580517817807, 6.949736217736473 51.50580517817826, 6.949736217736473 51.50580563116731, 6.949740714344503 51.50580563116825, 6.949740714344503 51.50580608415731, 6.949741164005306 51.50580608415741, 6.949741164005306 51.50580653714647, 6.949741613666109 51.50580653714656, 6.949741613666109 51.50580699013562, 6.949742063326911 51.50580699013572, 6.949742063326911 51.50580744312479, 6.949742063326911 51.50580789611385, 6.949742512987714 51.50580789611394, 6.949742512987714 51.50580834910301, 6.949742962648517 51.50580834910311, 6.949742962648517 51.50580880209217, 6.949746110274138 51.50580880209284, 6.949746110274138 51.50580925508191, 6.94974790891735 51.5058092550823, 6.94974790891735 51.50580970807137, 6.949748358578153 51.50580970807147, 6.949748358578153 51.50581016106054, 6.949748808238955 51.50581016106063, 6.949748808238955 51.5058106140497, 6.949748808238955 51.50581106703877, 6.949749257899759 51.50581106703887, 6.949749257899759 51.50581152002794, 6.949749257899759 51.50581197301701, 6.949749707560562 51.50581197301711, 6.949749707560562 51.50581242600618, 6.949750606882168 51.50581242600638, 6.949750606882168 51.50581287899546, 6.949755103490197 51.50581287899646, 6.949755103490197 51.50581333198554, 6.949755553151 51.50581333198564, 6.949755553151 51.50581378497471, 6.949756002811803 51.50581378497481, 6.949756002811803 51.50581423796389, 6.949756452472606 51.505814237964, 6.949756452472606 51.50581469095307, 6.949756452472606 51.50581514394214, 6.949756902133409 51.50581514394225, 6.949756902133409 51.50581559693133, 6.949757351794212 51.50581559693143, 6.949757351794212 51.50581604992051, 6.949760499419833 51.50581604992124, 6.949760499419833 51.50581650291031, 6.949766794671074 51.50581650291177, 6.949766794671074 51.50576939204671))
6.94745505013881,51.50498832824615,6.950922694313302,51.50714670010036;POINT (6.949535613647671 51.5055638940739);POLYGON ((6.949535613647671 51.50564090218084, 6.949532466022051 51.50564090218033, 6.949532466022051 51.50564044919147, 6.949530667378839 51.50564044919118, 6.949530667378839 51.50563999620231, 6.94952931839643 51.5056399962021, 6.94952931839643 51.50563954321324, 6.949528868735627 51.50563954321316, 6.949528868735627 51.50563909022431, 6.949528419074824 51.50563909022424, 6.949528419074824 51.50563863723538, 6.949528419074824 51.50563818424652, 6.949527969414021 51.50563818424645, 6.949527969414021 51.50563773125759, 6.949527519753218 51.50563773125752, 6.949527519753218 51.50563727826867, 6.949527070092415 51.50563727826859, 6.949527070092415 51.50563682527974, 6.949526620431612 51.50563682527967, 6.949526620431612 51.50563637229082, 6.949522123823582 51.50563637229012, 6.949522123823582 51.50563591930127, 6.94952167416278 51.5056359193012, 6.94952167416278 51.50563546631235, 6.949521224501977 51.50563546631228, 6.949521224501977 51.50563501332343, 6.949521224501977 51.50563456033458, 6.949520774841174 51.50563456033451, 6.949520774841174 51.50563410734566, 6.949520774841174 51.50563365435681, 6.94952032518037 51.50563365435674, 6.94952032518037 51.5056332013679, 6.949519425858765 51.50563320136776, 6.949519425858765 51.50563274837891, 6.949514929250736 51.50563274837825, 6.949514929250736 51.50563229538941, 6.949514479589932 51.50563229538935, 6.949514479589932 51.5056318424005, 6.949514029929129 51.50563184240044, 6.949514029929129 51.50563138941159, 6.949514029929129 51.50563093642275, 6.949513580268326 51.50563093642268, 6.949513580268326 51.50563048343384, 6.949513580268326 51.505630030445, 6.949513130607524 51.50563003044493, 6.949513130607524 51.50562957745609, 6.949512231285918 51.50562957745597, 6.949512231285918 51.50562912446713, 6.949508184338691 51.50562912446657, 6.949508184338691 51.50562867147773, 6.949507734677888 51.50562867147767, 6.949507734677888 51.50562821848883, 6.949507285017085 51.50562821848877, 6.949507285017085 51.50562776549993, 6.949506835356282 51.50562776549987, 6.949506835356282 51.50562731251103, 6.949506835356282 51.5056268595222, 6.949506385695479 51.50562685952213, 6.949506385695479 51.5056264065333, 6.949505936034676 51.50562640653324, 6.949505936034676 51.5056259535444, 6.94950503671307 51.50562595354428, 6.94950503671307 51.50562550055545, 6.949500989765843 51.50562550055492, 6.949500989765843 51.50562504756608, 6.94950054010504 51.50562504756603, 6.94950054010504 51.5056245945772, 6.949500090444237 51.50562459457714, 6.949500090444237 51.50562414158831, 6.949499640783435 51.50562414158825, 6.949499640783435 51.50562368859942, 6.949499640783435 51.50562323561059, 6.949499191122632 51.50562323561054, 6.949499191122632 51.50562278262171, 6.949498741461829 51.50562278262165, 6.949498741461829 51.50562232963282, 6.949497842140222 51.50562232963271, 6.949497842140222 51.50562187664388, 6.949496942818617 51.50562187664377, 6.949496942818617 51.50562142365494, 6.949496043497011 51.50562142365484, 6.949496043497011 51.50562097066601, 6.949495593836208 51.50562097066595, 6.949495593836208 51.50562051767713, 6.949495144175405 51.50562051767707, 6.949495144175405 51.50562006468824, 6.949495144175405 51.50561961169942, 6.949494694514602 51.50561961169937, 6.949494694514602 51.50561915871054, 6.949493345532193 51.50561915871039, 6.949493345532193 51.50561870572156, 6.949491097228178 51.5056187057213, 6.949491097228178 51.50561825273248, 6.949489748245769 51.50561825273232, 6.949489748245769 51.5056177997435, 6.949489298584966 51.50561779974345, 6.949489298584966 51.50561734675463, 6.949488848924164 51.50561734675458, 6.949488848924164 51.50561689376576, 6.949488848924164 51.50561644077694, 6.949488399263361 51.50561644077689, 6.949488399263361 51.50561598778807, 6.949487949602558 51.50561598778802, 6.949487949602558 51.5056155347992, 6.949487499941755 51.50561553479915, 6.949487499941755 51.50561508181033, 6.949487050280951 51.50561508181029, 6.949487050280951 51.50561462882147, 6.949482553672922 51.50561462882099, 6.949482553672922 51.50561417583217, 6.94948210401212 51.50561417583212, 6.94948210401212 51.50561372284331, 6.949481654351316 51.50561372284326, 6.949481654351316 51.50561326985445, 6.949481654351316 51.50561281686564, 6.949481204690513 51.50561281686559, 6.949481204690513 51.50561236387678, 6.949481204690513 51.50561191088796, 6.94948075502971 51.50561191088792, 6.94948075502971 51.50561145789911, 6.949479855708105 51.50561145789902, 6.949479855708105 51.50561100491021, 6.949475359100075 51.50561100490976, 6.949475359100075 51.50561055192095, 6.949474909439272 51.50561055192091, 6.949474909439272 51.5056100989321, 6.949474459778469 51.50561009893206, 6.949474459778469 51.50560964594325, 6.949474459778469 51.50560919295445, 6.949474010117666 51.5056091929544, 6.949474010117666 51.5056087399656, 6.949474010117666 51.50560828697679, 6.949473560456863 51.50560828697675, 6.949473560456863 51.50560783398794, 6.949472661135257 51.50560783398786, 6.949472661135257 51.50560738099906, 6.949468614188031 51.50560738099868, 6.949468614188031 51.50560692800988, 6.949468164527228 51.50560692800984, 6.949468164527228 51.50560647502104, 6.949467714866424 51.505606475021, 6.949467714866424 51.5056060220322, 6.949467265205621 51.50560602203216, 6.949467265205621 51.50560556904336, 6.949467265205621 51.50560511605457, 6.949466815544818 51.50560511605453, 6.949466815544818 51.50560466306572, 6.949466365884016 51.50560466306569, 6.949466365884016 51.50560421007689, 6.94946546656241 51.50560421007681, 6.94946546656241 51.50560375708802, 6.949464567240804 51.50560375708794, 6.949464567240804 51.50560330409915, 6.949464117580001 51.50560330409911, 6.949464117580001 51.50560285111031, 6.949463667919198 51.50560285111028, 6.949463667919198 51.50560239812148, 6.949463218258395 51.50560239812144, 6.949463218258395 51.50560194513265, 6.949463218258395 51.50560149214385, 6.949462768597592 51.50560149214382, 6.949462768597592 51.50560103915502, 6.949462318936789 51.50560103915499, 6.949462318936789 51.5056005861662, 6.949459171311168 51.50560058616595, 6.949459171311168 51.50560013317716, 6.949457372667957 51.50560013317702, 6.949457372667957 51.50559968018823, 6.949456923007154 51.5055996801882, 6.949456923007154 51.5055992271994, 6.94945647334635 51.50559922719938, 6.94945647334635 51.50559877421058, 6.94945647334635 51.5055983212218, 6.949456023685547 51.50559832122176, 6.949456023685547 51.50559786823298, 6.949455574024745 51.50559786823295, 6.949455574024745 51.50559741524416, 6.949455124363942 51.50559741524413, 6.949455124363942 51.50559696225534, 6.949454225042336 51.50559696225528, 6.949454225042336 51.50559650926649, 6.949450178095109 51.5055965092662, 6.949450178095109 51.50559605627743, 6.949449728434306 51.5055960562774, 6.949449728434306 51.50559560328861, 6.949449278773503 51.50559560328858, 6.949449278773503 51.5055951502998, 6.949449278773503 51.50559469731102, 6.949448829112701 51.50559469731099, 6.949448829112701 51.50559424432221, 6.949448829112701 51.50559379133343, 6.949448379451897 51.5055937913334, 6.949448379451897 51.50559333834462, 6.949447480130291 51.50559333834457, 6.949447480130291 51.50559288535579, 6.949442983522261 51.50559288535551, 6.949442983522261 51.50559243236673, 6.949442533861458 51.5055924323667, 6.949442533861458 51.50559197937793, 6.949442084200656 51.5055919793779, 6.949442084200656 51.50559152638913, 6.949442084200656 51.50559107340035, 6.949441634539853 51.50559107340033, 6.949441634539853 51.50559062041155, 6.949441634539853 51.50559016742278, 6.94944118487905 51.50559016742276, 6.94944118487905 51.50558971443398, 6.949440285557444 51.50558971443393, 6.949440285557444 51.50558926144516, 6.949433090984597 51.50558926144478, 6.949433090984597 51.50558971443354, 6.949432191662991 51.50558971443349, 6.949432191662991 51.50559016742226, 6.949431292341385 51.50559016742221, 6.949431292341385 51.50559062041097, 6.949430842680582 51.50559062041094, 6.949430842680582 51.50559107339971, 6.949430393019779 51.50559107339968, 6.949430393019779 51.50559152638844, 6.949429943358976 51.50559152638841, 6.949429943358976 51.50559197937718, 6.94942904403737 51.50559197937712, 6.94942904403737 51.50559152638836, 6.949428594376567 51.50559152638834, 6.949428594376567 51.50559107339958, 6.949428144715764 51.50559107339955, 6.949428144715764 51.50559062041079, 6.949427695054961 51.50559062041076, 6.949427695054961 51.50559016742201, 6.949426795733356 51.50559016742195, 6.949426795733356 51.50558971443319, 6.949425896411749 51.50558971443314, 6.949425896411749 51.50558926144438, 6.949423648107734 51.50558926144426, 6.949423648107734 51.50558880845551, 6.949422299125326 51.50558880845544, 6.949422299125326 51.50558835546668, 6.949420950142917 51.50558835546661, 6.949420950142917 51.50558790247786, 6.949420050821311 51.50558790247781, 6.949420050821311 51.50558744948906, 6.949418252178099 51.50558744948897, 6.949418252178099 51.50558835546647, 6.949417802517296 51.50558835546645, 6.949417802517296 51.50558926144395, 6.949417352856493 51.50558926144392, 6.949417352856493 51.50559062041017, 6.94941690319569 51.50559062041015, 6.94941690319569 51.5055919793764, 6.949416453534887 51.50559197937638, 6.949416453534887 51.50559243236512, 6.949416003874084 51.5055924323651, 6.949416003874084 51.50559288535384, 6.949415104552478 51.50559288535379, 6.949415104552478 51.50559333834254, 6.949414205230872 51.50559333834248, 6.949414205230872 51.50559379133123, 6.949413755570069 51.5055937913312, 6.949413755570069 51.50559469730869, 6.949413305909267 51.50559469730867, 6.949413305909267 51.50559922719613, 6.949412856248464 51.50559922719609, 6.949412856248464 51.50559968018484, 6.94941240658766 51.50559968018481, 6.94941240658766 51.50560013317355, 6.949411507266054 51.50560013317348, 6.949411507266054 51.50560058616223, 6.949410607944449 51.50560058616216, 6.949410607944449 51.5056010391509, 6.949410158283646 51.50560103915087, 6.949410158283646 51.50560194512835, 6.949409708622842 51.50560194512832, 6.949409708622842 51.505606022027, 6.94940925896204 51.50560602202697, 6.94940925896204 51.50560692800445, 6.949408359640434 51.50560692800437, 6.949408359640434 51.50560738099311, 6.949407909979631 51.50560738099307, 6.949407909979631 51.50560783398181, 6.949407010658025 51.50560783398173, 6.949407010658025 51.50560828697046, 6.949406560997222 51.50560828697042, 6.949406560997222 51.5056091929479, 6.949406111336419 51.50560919294786, 6.949406111336419 51.50561055191407, 6.949405661675616 51.50561055191403, 6.949405661675616 51.50561145789151, 6.949405212014813 51.50561145789147, 6.949405212014813 51.50561191088021, 6.949404762354011 51.50561191088016, 6.949404762354011 51.5056123638689, 6.949404312693207 51.50561236386885, 6.949404312693207 51.50561281685759, 6.949403863032404 51.50561281685754, 6.949403863032404 51.50561326984628, 6.949403413371601 51.50561326984623, 6.949403413371601 51.50561462881245, 6.949402963710798 51.5056146288124, 6.949402963710798 51.50561644076734, 6.949402514049996 51.50561644076729, 6.949402514049996 51.50562006467718, 6.949402963710798 51.50562006467723, 6.949402963710798 51.50562051766597, 6.949402963710798 51.5056209706547, 6.949403413371601 51.50562097065476, 6.949403413371601 51.5056214236435, 6.949404312693207 51.50562142364361, 6.949404312693207 51.50562187663235, 6.949408359640434 51.50562187663284, 6.949408359640434 51.50562232962159, 6.94940925896204 51.5056223296217, 6.94940925896204 51.50562278261044, 6.94940925896204 51.50562323559918, 6.949409708622842 51.50562323559924, 6.949409708622842 51.50562368858798, 6.949410158283646 51.50562368858804, 6.949410158283646 51.50562414157678, 6.949410158283646 51.50562459456552, 6.949410607944449 51.50562459456558, 6.949410607944449 51.50562504755433, 6.949411507266054 51.50562504755445, 6.949411507266054 51.50562550054319, 6.949415554213282 51.50562550054372, 6.949415554213282 51.50562595353247, 6.949416003874084 51.50562595353253, 6.949416003874084 51.50562640652128, 6.949416453534887 51.50562640652134, 6.949416453534887 51.50562685951009, 6.94941690319569 51.50562685951014, 6.94941690319569 51.50562731249889, 6.94941690319569 51.50562776548765, 6.949417352856493 51.50562776548771, 6.949417352856493 51.50562821847646, 6.949417802517296 51.50562821847652, 6.949417802517296 51.50562867146527, 6.949418701838902 51.5056286714654, 6.949418701838902 51.50562912445415, 6.949419601160508 51.50562912445427, 6.949419601160508 51.50562957744302, 6.949420050821311 51.50562957744309, 6.949420050821311 51.50563003043184, 6.949420500482113 51.5056300304319, 6.949420500482113 51.50563048342066, 6.949420500482113 51.50563093640941, 6.949420950142917 51.50563093640947, 6.949420950142917 51.50563138939823, 6.949420950142917 51.50563184238698, 6.94942139980372 51.50563184238705, 6.94942139980372 51.5056322953758, 6.949422299125326 51.50563229537593, 6.949422299125326 51.50563274836469, 6.949426795733356 51.50563274836534, 6.949426795733356 51.50563320135411, 6.949427245394158 51.50563320135417, 6.949427245394158 51.50563365434293, 6.949427695054961 51.505633654343, 6.949427695054961 51.50563410733176, 6.949427695054961 51.50563456032052, 6.949428144715764 51.50563456032059, 6.949428144715764 51.50563501330934, 6.949428144715764 51.50563546629811, 6.949428594376567 51.50563546629818, 6.949428594376567 51.50563591928694, 6.949429493698173 51.50563591928707, 6.949429493698173 51.50563637227584, 6.949433990306202 51.50563637227653, 6.949433990306202 51.5056368252653, 6.949434439967005 51.50563682526537, 6.949434439967005 51.50563727825413, 6.949434889627809 51.50563727825421, 6.949434889627809 51.50563773124297, 6.949434889627809 51.50563818423174, 6.949435339288612 51.50563818423181, 6.949435339288612 51.50563863722058, 6.949435339288612 51.50563909020935, 6.949435788949414 51.50563909020942, 6.949435788949414 51.50563954319819, 6.94943668827102 51.50563954319833, 6.94943668827102 51.5056399961871, 6.94944118487905 51.50563999618783, 6.94944118487905 51.5056404491766, 6.949442084200656 51.50564044917675, 6.949442084200656 51.50564090216552, 6.949442533861458 51.5056409021656, 6.949442533861458 51.50564135515437, 6.949442533861458 51.50564180814315, 6.949442983522261 51.50564180814322, 6.949442983522261 51.505642261132, 6.949443433183065 51.50564226113207, 6.949443433183065 51.50564271412085, 6.949444332504671 51.505642714121, 6.949444332504671 51.50564316710977, 6.949447030469488 51.50564316711023, 6.949447030469488 51.50564362009901, 6.949448379451897 51.50564362009924, 6.949448379451897 51.50564407308801, 6.949448829112701 51.50564407308809, 6.949448829112701 51.50564452607687, 6.949449278773503 51.50564452607695, 6.949449278773503 51.50564497906573, 6.949449728434306 51.50564497906581, 6.949449728434306 51.50564543205459, 6.949449728434306 51.50564588504337, 6.949450178095109 51.50564588504345, 6.949450178095109 51.50564633803224, 6.949451077416715 51.50564633803239, 6.949451077416715 51.50564679102117, 6.949453775381532 51.50564679102165, 6.949453775381532 51.50564724401043, 6.949455124363942 51.50564724401067, 6.949455124363942 51.50564769699946, 6.949456023685547 51.50564769699962, 6.949456023685547 51.50564814998841, 6.949456023685547 51.5056486029772, 6.94945647334635 51.50564860297727, 6.94945647334635 51.50564905596607, 6.949456923007154 51.50564905596615, 6.949456923007154 51.50564950895494, 6.949456923007154 51.50564996194372, 6.949457372667957 51.5056499619438, 6.949457372667957 51.5056504149326, 6.949458271989562 51.50565041493276, 6.949458271989562 51.50565086792155, 6.949459171311168 51.50565086792172, 6.949459171311168 51.50565132091051, 6.949459620971971 51.50565132091059, 6.949459620971971 51.50565177389938, 6.949460070632774 51.50565177389947, 6.949460070632774 51.50565222688826, 6.949460070632774 51.50565267987705, 6.949460520293577 51.50565267987714, 6.949460520293577 51.50565313286592, 6.949460520293577 51.50565358585472, 6.94946096995438 51.5056535858548, 6.94946096995438 51.50565403884359, 6.949461869275986 51.50565403884377, 6.949461869275986 51.50565449183257, 6.949466365884016 51.50565449183343, 6.949466365884016 51.50565494482223, 6.949466815544818 51.50565494482231, 6.949466815544818 51.50565539781111, 6.949467265205621 51.5056553978112, 6.949467265205621 51.5056558508, 6.949467265205621 51.5056563037888, 6.949467714866424 51.50565630378888, 6.949467714866424 51.50565675677768, 6.949468164527228 51.50565675677777, 6.949468164527228 51.50565720976658, 6.949468614188031 51.50565720976666, 6.949468614188031 51.50565766275546, 6.949470862492046 51.50565766275591, 6.949470862492046 51.50565811574471, 6.949473560456863 51.50565811574526, 6.949473560456863 51.50565856873406, 6.949474010117666 51.50565856873415, 6.949474010117666 51.50565902172296, 6.949474459778469 51.50565902172304, 6.949474459778469 51.50565947471185, 6.949474459778469 51.50565992770066, 6.949474909439272 51.50565992770075, 6.949474909439272 51.50566038068956, 6.949474909439272 51.50566083367836, 6.949475359100075 51.50566083367845, 6.949475359100075 51.50566128666726, 6.949476258421681 51.50566128666744, 6.949476258421681 51.50566173965625, 6.94948075502971 51.50566173965719, 6.94948075502971 51.505662192646, 6.949481204690513 51.50566219264609, 6.949481204690513 51.50566264563491, 6.949481654351316 51.505662645635, 6.949481654351316 51.50566309862381, 6.949481654351316 51.50566355161262, 6.94948210401212 51.50566355161272, 6.94948210401212 51.50566400460153, 6.94948210401212 51.50566445759034, 6.949482553672922 51.50566445759044, 6.949482553672922 51.50566491057926, 6.949483452994528 51.50566491057945, 6.949483452994528 51.50566536356826, 6.949484352316134 51.50566536356845, 6.949484352316134 51.50566581655727, 6.94948525163774 51.50566581655747, 6.94948525163774 51.50566626954628, 6.949485701298543 51.50566626954638, 6.949485701298543 51.5056667225352, 6.949486150959346 51.5056667225353, 6.949486150959346 51.50566717552411, 6.949486600620149 51.50566717552421, 6.949486600620149 51.50566762851302, 6.949487050280951 51.50566762851312, 6.949487050280951 51.50566808150194, 6.949488399263361 51.50566808150224, 6.949488399263361 51.50566853449106, 6.949490197906573 51.50566853449146, 6.949490197906573 51.50566898748028, 6.949491996549784 51.50566898748068, 6.949491996549784 51.5056694404695, 6.949492446210587 51.50566944046961, 6.949492446210587 51.50566989345843, 6.949493345532193 51.50566989345863, 6.949493345532193 51.50567034644746, 6.949493795192996 51.50567034644756, 6.949493795192996 51.50567079943638, 6.949494244853799 51.50567079943649, 6.949494244853799 51.50567125242531, 6.949494694514602 51.50567125242542, 6.949494694514602 51.50567170541424, 6.949496043497011 51.50567170541455, 6.949496043497011 51.50567215840337, 6.949497842140222 51.50567215840379, 6.949497842140222 51.50567261139261, 6.949498741461829 51.50567261139282, 6.949498741461829 51.50567306438165, 6.949499191122632 51.50567306438175, 6.949499191122632 51.50567351737058, 6.949499640783435 51.50567351737069, 6.949499640783435 51.50567397035952, 6.949499640783435 51.50567442334835, 6.949500090444237 51.50567442334845, 6.949500090444237 51.50567487633729, 6.949500090444237 51.50567532932612, 6.94950054010504 51.50567532932622, 6.94950054010504 51.50567578231505, 6.949501439426647 51.50567578231527, 6.949501439426647 51.5056762353041, 6.949506385695479 51.50567623530528, 6.949506385695479 51.50567668829412, 6.949506835356282 51.50567668829422, 6.949506835356282 51.50567714128306, 6.949507734677888 51.50567714128328, 6.949507734677888 51.50567759427211, 6.949508184338691 51.50567759427222, 6.949508184338691 51.50567804726106, 6.949508633999494 51.50567804726117, 6.949508633999494 51.50567850025001, 6.949509083660296 51.50567850025012, 6.949509083660296 51.50567895323896, 6.949510432642706 51.50567895323929, 6.949510432642706 51.50567940622813, 6.949512231285918 51.50567940622857, 6.949512231285918 51.50567985921741, 6.949513130607524 51.50567985921764, 6.949513130607524 51.50568031220648, 6.949513580268326 51.50568031220659, 6.949513580268326 51.50568076519543, 6.949514029929129 51.50568076519554, 6.949514029929129 51.50568121818439, 6.949514029929129 51.50568167117323, 6.949514479589932 51.50568167117334, 6.949514479589932 51.50568212416218, 6.949514479589932 51.50568257715103, 6.949514929250736 51.50568257715114, 6.949514929250736 51.50568303013999, 6.949515828572341 51.50568303014022, 6.949515828572341 51.50568348312906, 6.949519425858765 51.50568348312998, 6.949519425858765 51.50568393611883, 6.94952032518037 51.50568393611906, 6.94952032518037 51.50568438910791, 6.949520774841174 51.50568438910802, 6.949520774841174 51.50568484209687, 6.949520774841174 51.50568529508572, 6.949521224501977 51.50568529508584, 6.949521224501977 51.50568574807469, 6.94952167416278 51.5056857480748, 6.94952167416278 51.50568620106365, 6.949522123823582 51.50568620106377, 6.949522123823582 51.50568665405262, 6.949523023145188 51.50568665405286, 6.949523023145188 51.50568710704171, 6.949525721110006 51.50568710704242, 6.949525721110006 51.50568756003127, 6.949527070092415 51.50568756003162, 6.949527070092415 51.50568801302048, 6.949527519753218 51.5056880130206, 6.949527519753218 51.50568846600946, 6.949527969414021 51.50568846600958, 6.949527969414021 51.50568891899844, 6.949528419074824 51.50568891899855, 6.949528419074824 51.50568937198742, 6.949528868735627 51.50568937198753, 6.949528868735627 51.50568982497639, 6.94952931839643 51.50568982497651, 6.94952931839643 51.50569027796537, 6.949530217718036 51.50569027796561, 6.949530217718036 51.50569073095447, 6.949535613647671 51.50569073095593, 6.949535613647671 51.50564090218084))
